O:\LUVA Verwaltungs GmbH\Testdaten_Produktion\10_DTFSD_01-13-2023_61.pdf;WEG Wielandstr. Stephan.Schlindwein@signal-iduna.net 15 (071) C/O Luva GmbH Ihr zentraler Kundenservice: Beitragsinkasso Postfach 1264 Telefon: 0231 135-7308 Fax: 0231 135-4638 ;kara
O:\LUVA Verwaltungs GmbH\Testdaten_Produktion\11_DTFSD_01-13-2023_62.pdf;WEG Mittlerer Rainweg 9 (089) C/O Luva GmbH Ihr zentraler Kundenservice: Beltragsinkasso Postfach 1264 Telefon: 0231 135-7308 F ax0231 135-4638 ;kara
O:\LUVA Verwaltungs GmbH\Testdaten_Produktion\12_DTFSD_01-13-2023_63.pdf;WEG Stephan.Schiindwein@signal-iduna.net Hauptstr. 42 (097) c/o Luva GmbH thr zentraler Kundenservice: Beitragsinkasso Postfach 1264 Telefon: 0231 135-7308 Fax: 0231 135-4638 ;windisch
O:\LUVA Verwaltungs GmbH\Testdaten_Produktion\13_DTFSD_01-13-2023_64.pdf;WEG Gerauer Str. 50-50f (024) Postfach 1264 Ihr zentraler Kundenservice: Beitragsinkasso 69140 Telefon: 0231 135-7308 Neckargemünd Fax: 0231 135-4638 Dortmund ;graefer
O:\LUVA Verwaltungs GmbH\Testdaten_Produktion\14_DTFSD_01-13-2023_65.pdf;;
O:\LUVA Verwaltungs GmbH\Testdaten_Produktion\15_DTFSD_01-13-2023_66.pdf;WEG In d. Neckarhelle 99 (096) LUVA GmbH Ihr zentraler Kundenservice: Beitragsinkasso Telefon: 0231 135-7308 C/O Luva GmbH Fax 0231 ;graefer
O:\LUVA Verwaltungs GmbH\Testdaten_Produktion\16_DTFSD_01-13-2023_67.pdf;WEG Potsdamer Str. 13 (054) C/O Luva GmbH Ihr zentraler Kundenservice: Beltragsinkasso Postfach 1264 Telefon: 0231 135-7308 Fax: 02314 135-4638 ;graefer
O:\LUVA Verwaltungs GmbH\Testdaten_Produktion\17_DTFSD_01-13-2023_68.pdf;WEG Keltergasse 2a (034) Ihr zentraler Kundenservice: Beitragsinkasso Postfach 1264 Telefon: 0231 135-7308 F:ax: 0231 135-4638 69140 Neckargemünd Dortmund 27.12.2022 ;kara
O:\LUVA Verwaltungs GmbH\Testdaten_Produktion\18_DTFSD_01-13-2023_69.pdf;WEG Marktstr. 1 u.3 u.5 (044) Postfach 1264 Ihr zentraler Kundenservice: Beitragsinkasso 69140 Telefon: 0231 135-7308 Neckargemünd Fax: 0231 135-4638 ;
O:\LUVA Verwaltungs GmbH\Testdaten_Produktion\19_DTFSD_01-13-2023_70.pdf;WEG Poststr. 6 +8 76646 Bruchsal LUVA GmbH Bahnhofstr. 96 69151 Neckargemünd Ihr zentraler Kundenservice: Beitragsinkasso Telefon: 0231 135-7308 Fax: ;kara
O:\LUVA Verwaltungs GmbH\Testdaten_Produktion\1_DTFSD_01-13-2023_52.pdf;;
O:\LUVA Verwaltungs GmbH\Testdaten_Produktion\20_DTFSD_01-13-2023_71.pdf;WEG Darwinstr.12 (019) C/O Luva GmbH Ihr zentraler Kundenservice: Beitragsinkasso Postfach 1264 Telefon: 0231 135-7308 Fax: 0231 135-46:38 69140 Neckargemünd ;kara
O:\LUVA Verwaltungs GmbH\Testdaten_Produktion\21_DTFSD_01-13-2023_72.pdf;WEG Güterbahnhofstr. 7 76646 Bruchsal LUVA GmbH Bahnhofstr. 96 69151 Neckargemünd Ihr zentraler Kundenservice: Beltragsinkasso Telefon: 0231 135-7308 Fax: 0231 ;kara
O:\LUVA Verwaltungs GmbH\Testdaten_Produktion\22_DTFSD_01-13-2023_73.pdf;WEG Bunsenstr. 1 (095) LUVA GmbH Ihr zentraler Kundenservice: Beltragsinkasso Postfach 1264 Telefon: 0231 135-7308 Fax: 0231 135-4638 69140 Neckargemünd ;graefer
O:\LUVA Verwaltungs GmbH\Testdaten_Produktion\23_DTFSD_01-13-2023_74.pdf;;
O:\LUVA Verwaltungs GmbH\Testdaten_Produktion\24_DTFSD_01-13-2023_75.pdf;;
O:\LUVA Verwaltungs GmbH\Testdaten_Produktion\25_DTFSD_01-13-2023_76.pdf;;
O:\LUVA Verwaltungs GmbH\Testdaten_Produktion\26_DTFSD_01-13-2023_77.pdf;WEG Schweizertalstr. 19 (061) Postfach 1264 |hr zentraler Kundenservice: Beitragsinkasso 69140 Neckargemünd Telefon: 0231 135-7308 Fax: 0231 135-4638 Dortmund 27.12.2022 ;kara
O:\LUVA Verwaltungs GmbH\Testdaten_Produktion\27_DTFSD_01-13-2023_78.pdf;WEG Hinter der Mühle 16 (108) 76646 Bruchsal LUVA GmbH Bahnhofstr. 96 69151 Neckargemünd Ihr zentraler Kundenservice: Beltragsinkasso Telefon: 0231 ;kara
O:\LUVA Verwaltungs GmbH\Testdaten_Produktion\28_DTFSD_01-13-2023_79.pdf;WEG Leopoldstr. 27 (043) Ihr zentraler Kundenservice: Beitragsinkasso Postfach 1264 Telefon: 0231 135-7308 Fa ax: 0231 1- 38 69140 Neckargemünd ;kara
O:\LUVA Verwaltungs GmbH\Testdaten_Produktion\29_DTFSD_01-13-2023_80.pdf;;
O:\LUVA Verwaltungs GmbH\Testdaten_Produktion\2_DTFSD_01-13-2023_53.pdf;WEG Am Mühlrain 24 A-F(167) LUVA GmbH Ihr zentraler Kundenservice: Beitragsinkasso Postfach 1264 Telefon: 0231 135-7308 Fax: 0231 135-4638 69140 ;
O:\LUVA Verwaltungs GmbH\Testdaten_Produktion\30_DTFSD_01-13-2023_81.pdf;WEG Brahmsstr. 24/2+26 Stephan.Schlindwein@signal-iduna.net (009) C/O Luva GmbH Ihr zentraler Kundenservice: Beltragsinkasso Postfach 1264 Telefon: 0231 135-7a Fax 0231 135-463 ;
O:\LUVA Verwaltungs GmbH\Testdaten_Produktion\31_DTFSD_01-13-2023_82.pdf;WEG Kastanienweg 4 (063) C/O Luva GmbH Ihr zentraler Kundenservice: Beltragsinkasso Postfach 1264 Telefon: 0231 135-7308 Fax: 0291 1 3 ;
O:\LUVA Verwaltungs GmbH\Testdaten_Produktion\32_DTFSD_01-13-2023_83.pdf;WEG Vorstadtstr. 1 (067) Ihr zentraler Kundenservice: Beitragsinkasso Postfach 1264 Telefon: 0231 135-7308 Fax: 0231 135-4638 69140 Neckargemünd Dortmund 27.12.2022 ;kara
O:\LUVA Verwaltungs GmbH\Testdaten_Produktion\33_DTFSD_01-13-2023_84.pdf;WEG Vorstadtstr. 1 (067) thr zentraler Kundenservice: Beitragsinkasso Postfach 1264 Telefon: 0231 135-7308 Fax: 0231 135-4638 69140 Neckargemünd Dortmund 27.12.2022 ;kara
O:\LUVA Verwaltungs GmbH\Testdaten_Produktion\34_DTFSD_01-13-2023_85.pdf;WEG Ziegelhütte 25-27 (090) Ihr zentraler Kundenservice: Beitragsinkasso Postfach 1264 Telefon: 0231 135-7308 Fax: 0231 135-4638 69140 Neckargemünd Dortmund 27.12.2022 ;
O:\LUVA Verwaltungs GmbH\Testdaten_Produktion\35_DTFSD_01-13-2023_86.pdf;;
O:\LUVA Verwaltungs GmbH\Testdaten_Produktion\36_DTFSD_01-13-2023_87.pdf;WEG Körnerstr. 5 (038) Postfach 1264 Ihr zentraler Kundenservice: Beltragsinkasso 69140 Telefon: 0231 135-7308 Neckargemünd Fax: 0231 135-4538 Dortmund 27.12.2022 ;kara
O:\LUVA Verwaltungs GmbH\Testdaten_Produktion\37_DTFSD_01-13-2023_88.pdf;WEG Wiesenstraße 26 - Objektnr. 073 aaIhr zentraler Kundenservice: Beltragsinkasso c/o LUVA GmbH yr„7hee ax 35-4638 Postfach 1264 69140 Neckargemünd ;windisch
O:\LUVA Verwaltungs GmbH\Testdaten_Produktion\38_DTFSD_01-13-2023_89.pdf;WEG Gerauer Str. 48 c/o Luva GmbH Ihr zentraler Kundenservice: Beitragsinkasso Postfach 1264 Telefon: 0231 135-7308 Fax: 0231 135-4638 69140 ;graefer
O:\LUVA Verwaltungs GmbH\Testdaten_Produktion\39_DTFSD_01-13-2023_90.pdf;WEG Martin-Luther-Str.5 (046) C/O Luva GmbH Ihr zentraler Kundenservice: Beltragsinkasso Postfach 1264 Telefon: 0231 135-7308 Fax: 0231 135-4638 69140 Neckargemünd ;kara
O:\LUVA Verwaltungs GmbH\Testdaten_Produktion\3_DTFSD_01-13-2023_54.pdf;;
O:\LUVA Verwaltungs GmbH\Testdaten_Produktion\40_DTFSD_01-13-2023_91.pdf;WEG Newtonstr. 6 Ihr zentraier Kundenservice: Beitragsinkasso Vertreten Durch Luva GmbH Telzentraler 135-7308 Fax:sn0231 135-4638 Postfach 1264 69140 Neckargemünd Dortmund ;kara
O:\LUVA Verwaltungs GmbH\Testdaten_Produktion\41_DTFSD_01-13-2023_92.pdf;WEG Stephan.Schlindwein@signal-iduna.net Dachsweg 7 (098) C/O Luva GmbH Ihr zentraler Kundenservice: Beitragsinkasso Postfach 1264 Telefon: 0231 135-7308 Fax: 0231 135-4638 ;windisch
O:\LUVA Verwaltungs GmbH\Testdaten_Produktion\42_DTFSD_01-13-2023_93.pdf;;
O:\LUVA Verwaltungs GmbH\Testdaten_Produktion\43_DTFSD_01-13-2023_94.pdf;WEG Zwischen den Bächen (101) C/O Luva GmbH Ihr zentraler Kundenservice: Beitragsinkasso Postfach 1264 Telefon: 0231 135-7308 Fax: 0231 135-4638 ;
O:\LUVA Verwaltungs GmbH\Testdaten_Produktion\44_DTFSD_01-13-2023_95.pdf;WEG Stephan.Schlindwein@signal-iduna.net Crossener Kirchsteig 7 (015) ihr zentraler Kundenservice: Beltragsinkasso C/O Luva GmbH Telefon: 0231 135-7308 Fax: 0231 135-4638 Postfach ;kara
O:\LUVA Verwaltungs GmbH\Testdaten_Produktion\45_DTFSD_01-13-2023_96.pdf;WEG Bahnhofstr. Stephan.Schlindwein@signal-iduna.net 96 (008) Postfach 1264 Ihr zentraler Kundenservice: Beltragsinkasso 69140 Neckargemünd Telefon: 0231 135-7308 Fax: 0231 135-4638 Dortmund ;
O:\LUVA Verwaltungs GmbH\Testdaten_Produktion\46_DTFSD_01-13-2023_97.pdf;WEG Am Fürstenweiher 8 (099) Ihr zentraler Kundenservice: Beitragsinkasso Postfach 12 64 Telefon: 0231 135-7308 Fax: 0231 135-4638 69140 Neckargemünd ;windisch
O:\LUVA Verwaltungs GmbH\Testdaten_Produktion\47_DTFSD_01-13-2023_98.pdf;;
O:\LUVA Verwaltungs GmbH\Testdaten_Produktion\48_DTFSD_01-13-2023_99.pdf;;
O:\LUVA Verwaltungs GmbH\Testdaten_Produktion\49_DTFSD_01-13-2023_100.pdf;;
O:\LUVA Verwaltungs GmbH\Testdaten_Produktion\4_DTFSD_01-13-2023_55.pdf;WEG Am Borsdorfer 65-69 (001) C/O Luva GmbH Ihr zentraler Kundenservice: Beitragsinkasso Postfach 1264 Telefon: 0231 135-7308 Fax: 0231 135-4638 ;kara
O:\LUVA Verwaltungs GmbH\Testdaten_Produktion\50_DTFSD_01-13-2023_101.pdf;;
O:\LUVA Verwaltungs GmbH\Testdaten_Produktion\51_DTFSD_01-13-2023_102.pdf;;
O:\LUVA Verwaltungs GmbH\Testdaten_Produktion\52_DTFSD_01-13-2023_103.pdf;;
O:\LUVA Verwaltungs GmbH\Testdaten_Produktion\53_DTFSD_01-13-2023_104.pdf;;
O:\LUVA Verwaltungs GmbH\Testdaten_Produktion\54_DTFSD_01-13-2023_105.pdf;;
O:\LUVA Verwaltungs GmbH\Testdaten_Produktion\55_DTFSD_01-13-2023_106.pdf;;
O:\LUVA Verwaltungs GmbH\Testdaten_Produktion\56_DTFSD_01-13-2023_107.pdf;;
O:\LUVA Verwaltungs GmbH\Testdaten_Produktion\57_DTFSD_01-13-2023_108.pdf;;
O:\LUVA Verwaltungs GmbH\Testdaten_Produktion\58_DTFSD_01-13-2023_109.pdf;WEG Steinsfurter Str. 55 (063) Luva GmbH Ihr zentraler Kundenservice: Beitragsinkasso Postfach 1264 Telefon: 0231 135-7308 Fax: 0231 135-4638 69140 ;
O:\LUVA Verwaltungs GmbH\Testdaten_Produktion\59_DTFSD_01-13-2023_110.pdf;;
O:\LUVA Verwaltungs GmbH\Testdaten_Produktion\5_DTFSD_01-13-2023_56.pdf;WEG Obere Neckarstr. 15 (178) c/o tach toed thr zentraler Kundenservice: Beitragsinkasso Postfach Telefon: 0231 135-7308 1264 Fax: 0231 135-4638 ;graefer
O:\LUVA Verwaltungs GmbH\Testdaten_Produktion\60_DTFSD_01-13-2023_111.pdf;;
O:\LUVA Verwaltungs GmbH\Testdaten_Produktion\61_DTFSD_01-13-2023_112.pdf;;
O:\LUVA Verwaltungs GmbH\Testdaten_Produktion\62_DTFSD_01-13-2023_113.pdf;;
O:\LUVA Verwaltungs GmbH\Testdaten_Produktion\63_DTFSD_01-13-2023_114.pdf;;
O:\LUVA Verwaltungs GmbH\Testdaten_Produktion\64_DTFSD_01-13-2023_115.pdf;WEG Gerauer Str. 50-50f (024) Postfach 1264 Ihr zentraler Kundenservice: Beitragsinkasso 69140 Telefon: 0231 135-7308 Neckargemünd Fax: 0231 135-4638 Dortmund ;graefer
O:\LUVA Verwaltungs GmbH\Testdaten_Produktion\65_DTFSD_01-13-2023_116.pdf;WEG Carl-v-Ossietzky-Str. 37 (014) Ihr zentraier Kundenservice: Beitragsinkasso Postfach 1264 Telefon: 0231 135-7308 Fax: 0231 135-4638 69140 Neckargemünd Dortmund 27.12.2022 ;kara
O:\LUVA Verwaltungs GmbH\Testdaten_Produktion\66_DTFSD_01-13-2023_117.pdf;WEG Clayallee 90A (185) c/o LUVA GmbH |hr zentraler Kundenservice: Beltragsinkasso Bahnhofstr. 96 Telefon: 0231 135-7308 Fax: 0231 135-4638 69151 ;kara
O:\LUVA Verwaltungs GmbH\Testdaten_Produktion\67_DTFSD_01-13-2023_118.pdf;WEG Hirtenaue 36-38 c/o LUVA GmbH Ihr zentraler Kundenservice: Beltragsinkasso Postfach 1264 Telefon: 0231 135-7308 Fax: 0231 135-4638 69140 Neckargemünd ;grzesiak
O:\LUVA Verwaltungs GmbH\Testdaten_Produktion\68_DTFSD_01-13-2023_119.pdf;WEG Darwinstr. 10 (018) C/O Luva GmbH Ihr zentraler Kundenservice: Beitragsinkasso Postfach 1264 Telefon: 0231 Hook0 Fax 0231 135-4638 69140 ;kara
O:\LUVA Verwaltungs GmbH\Testdaten_Produktion\69_DTFSD_01-13-2023_120.pdf;;
O:\LUVA Verwaltungs GmbH\Testdaten_Produktion\6_DTFSD_01-13-2023_57.pdf;;
O:\LUVA Verwaltungs GmbH\Testdaten_Produktion\70_DTFSD_01-13-2023_121.pdf;;
O:\LUVA Verwaltungs GmbH\Testdaten_Produktion\71_DTFSD_01-13-2023_122.pdf;WEG Aurelienstr.36 (006) Luva GmbH thr zentraler Kundenservice: Beitragsinkasso Postfach 1264 Telefon: 0231 135-7308 Fax: 0231 135-4638 69140 Neckargemünd Dortmund ;kara
O:\LUVA Verwaltungs GmbH\Testdaten_Produktion\72_DTFSD_01-13-2023_123.pdf;WEG Langestr. 31 (042) Postfach 1264 Ihr zentraler Kundenservice: Beltragsinkasso 69140 Neckargemünd Telefon: 0231 135-7308 Fax: 0231 135-4638 Dortmund 27.12.2022 ;
O:\LUVA Verwaltungs GmbH\Testdaten_Produktion\73_DTFSD_01-13-2023_124.pdf;WEG anrstö(004) Ihr zentraler Kundenservice: * Beltragsinkasso Telefon: 0231 135-7308 Luva Fax: 0231 135-4638 Postfach 1264 69140 Neckargemünd Dortmund 27.12.2022 ;
O:\LUVA Verwaltungs GmbH\Testdaten_Produktion\74_DTFSD_01-13-2023_125.pdf;WEG Rousseaustr. 9 (057) Postfach 1264 Ihr zentraler Kundenservice: Beltragsinkasso 69140 Neckargemünd Telefon: 0231 135-7308 Fax: 0231 135-4638 Dortmund 27.12.2022 ;kara
O:\LUVA Verwaltungs GmbH\Testdaten_Produktion\75_DTFSD_01-13-2023_126.pdf;WEG L12/7 (039) thr zentraler Kundenservice: Beitragsinkasso Postfach 1264 Telefon: 0231 135-7308 Fax: 0231 135-4638 69140 Neckargemünd Dortmund 27.12.2022 Beitragsrechnung ;grzesiak
O:\LUVA Verwaltungs GmbH\Testdaten_Produktion\76_DTFSD_01-13-2023_127.pdf;WEG Neckarstr. 90-92 (048) Luva GmbH Ihr zentraler Kundenservice: Beltragsinkasso Postfach 1264 Telefon: 0231 135-7308 Fax: 0231 135-4638 69140 Neckargemünd ;
O:\LUVA Verwaltungs GmbH\Testdaten_Produktion\77_DTFSD_01-13-2023_128.pdf;WEG Konstanzer Str. 13-45 / Kehler Weg 2-6 Obj. 179 Ihr zentraler Kundenservice: Beitragsinkasso c/o LUVA GmbH Telefon: 0231 135-7308 ;
O:\LUVA Verwaltungs GmbH\Testdaten_Produktion\78_DTFSD_01-13-2023_129.pdf;;
O:\LUVA Verwaltungs GmbH\Testdaten_Produktion\79_DTFSD_01-13-2023_130.pdf;;
O:\LUVA Verwaltungs GmbH\Testdaten_Produktion\7_DTFSD_01-13-2023_58.pdf;;
O:\LUVA Verwaltungs GmbH\Testdaten_Produktion\80_DTFSD_01-13-2023_131.pdf;;
O:\LUVA Verwaltungs GmbH\Testdaten_Produktion\81_DTFSD_01-13-2023_132.pdf;;
O:\LUVA Verwaltungs GmbH\Testdaten_Produktion\82_DTFSD_01-13-2023_133.pdf;WEG Huswertstr. 16-18 (030) C/O Luva GmbH Ihr zentraler Kundenservice: Beitragsinkasso Postfach 1264 Telefon: 0231 135-7308 Fax: 0231 135-4638 69140 ;
O:\LUVA Verwaltungs GmbH\Testdaten_Produktion\83_DTFSD_01-13-2023_134.pdf;;
O:\LUVA Verwaltungs GmbH\Testdaten_Produktion\84_DTFSD_01-13-2023_135.pdf;WEG Mittelstr. 6 (047) C/O Luva GmbH Ihr zentraler Kundenservice: Beitragsinkasso Postfach 1264 Telefon: 0231 135-7308 Fax: 0231 135-4638 69140 ;kara
O:\LUVA Verwaltungs GmbH\Testdaten_Produktion\8_DTFSD_01-13-2023_59.pdf;WEG Stephan.Schlindwein@signal-iduna.net In d. Neckarhelle 99 (096) LUVA GmbH In zentraler Kundenservice: Beltragsinkasso C/O Luva GmbH elefon: 0231 135-7308 Postfach ;graefer
O:\LUVA Verwaltungs GmbH\Testdaten_Produktion\9_DTFSD_01-13-2023_60.pdf;WEG Wielandstr.29 Stephan.Schlindwein@signal-iduna.net 072 Luva GmbH ihr zentraler Kundenservice: Beitragsinkasso Postfach 1264 Telefon: 0231 135-7308 Fax 0231 135-4638 69140 Neckargemünd ;kara
